comment_id,player_name,old_team,new_team,author,text,score,created_utc,post_id,label
ku3j180,Jerry Jeudy,Broncos,Browns,TSSFranco,"Broncos going full rebuild it seems, Sutton‚Äôs gotta be next then right? Edit: nvm it was for a 5th and a 6th they just wanted bro gone",2845,2024-03-09 09:30:39,1ban2kv,2
ku3khne,Jerry Jeudy,Broncos,Browns,Silverflash-x,"Browns fans, you're about to watch this man run the crispest, cleanest routes you've ever seen, get completely wide open, think to yourself ""My god, what a steal to get this guy for two late picks!"" as the ball is in the air, only to have it bounce off the literal cinderblocks Jeudy disguises as hands. Enjoy.",1128,2024-03-09 09:38:44,1ban2kv,1
ku3jsze,Jerry Jeudy,Broncos,Browns,kitchensink108,I am uncomfortable with what seems to be a good trade for the Browns.,156,2024-03-09 09:34:55,1ban2kv,2
ku3ja6k,Jerry Jeudy,Broncos,Browns,Jack12404,"Depends on what the picks are, but Cooper/Jeudy/E Moore/Tillman is a solid WR group Edit: 5th and a 6th is great value for Cleveland",112,2024-03-09 09:32:02,1ban2kv,2
ku3jfcj,Jerry Jeudy,Broncos,Browns,Beatdooown,The browns in back to back seasons have given a 5th for Amari Cooper and now a 5th and 6th for Jerry Jeudy.,127,2024-03-09 09:32:50,1ban2kv,0
ku3l8ot,Jerry Jeudy,Broncos,Browns,CTM3399,Why is everyone acting like Jerry Jeudy is good? The dude has been fucking horrible ever since he was drafted. He could easily make me eat my words on the Browns but like I think two late round picks is pretty close to his value.,92,2024-03-09 09:42:51,1ban2kv,1
ku3p7fu,Jerry Jeudy,Broncos,Browns,flatironfortitude,I assumed the broncos would cut him. Seems like a nice exit for them,3,2024-03-09 10:04:55,1ban2kv,1
ku3phgo,Jerry Jeudy,Broncos,Browns,,He was always too banged up in Denver to get great stats. Good luck to him!,2,2024-03-09 10:06:26,1ban2kv,0
ku4n1de,Jerry Jeudy,Broncos,Browns,WentzingInPain,Had The Eagles gotten Jeudy. The ‚ÄúRoseman is a Genius‚Äù worship (due to the disproportionate eagles parasocial fandom) would be insane. Instead it‚Äôs the Browns.. so it‚Äôs a just a collective meh,2,2024-03-09 13:16:08,1ban2kv,0
ku3ou8b,Jerry Jeudy,Broncos,Browns,Steak_Knight,"Ah yes, Jerry Jeudy, the weapon they‚Äôve been missing‚Ä¶",2,2024-03-09 10:02:51,1ban2kv,1
ku3teq1,Jerry Jeudy,Broncos,Browns,Confident_Boat_1211,Well the Broncos won that trade.,4,2024-03-09 10:28:14,1ban2kv,1
ku3qyr4,Jerry Jeudy,Broncos,Browns,,How many licks do the browns have now? Two? A third and fourth round pick?,1,2024-03-09 10:14:46,1ban2kv,1
ku3u1g5,Jerry Jeudy,Broncos,Browns,CrimsonCringe,I‚Äôm okay with this. I feel like we could have gotten better compensation but jeudy hit his ceiling last year with the broncos and didn‚Äôt add any real x factor. Good for both parties to move on,1,2024-03-09 10:31:47,1ban2kv,2
ku62q8k,Jerry Jeudy,Broncos,Browns,DoubleDownGarlic,Broncos country lets shrivel up and die,1,2024-03-09 19:02:42,1ban2kv,2
ku3r76z,Jerry Jeudy,Broncos,Browns,Invictus23_,Jerry Jeudy All Pro Triple Crown Winner next season. Book it.,1,2024-03-09 10:16:05,1ban2kv,2
ku3vuv5,Jerry Jeudy,Broncos,Browns,,Broncos doing that thing in madden where they trade all their stars for draft picks so they can just perpetually trade out of their first round pick to score 4th-6th round picks and end up with 25 picks next year,1,2024-03-09 10:41:47,1ban2kv,0
ku4o9o5,Jerry Jeudy,Broncos,Browns,InclinationCompass,Was hoping browns would trade for Mike Williams instead and reunite him with the rapist,1,2024-03-09 13:23:24,1ban2kv,0
ku3kssa,Jerry Jeudy,Broncos,Browns,BriefDragonfruit9460,Now the browns just need a QB,0,2024-03-09 09:40:26,1ban2kv,2
ku3soiy,Jerry Jeudy,Broncos,Browns,Powerful_Plantain901,All this haul for him to drop passes by that rapist piece of shit QB the Browns are stuck with.,-2,2024-03-09 10:24:14,1ban2kv,1
ku40epg,Jerry Jeudy,Broncos,Browns,donscron91,Why do the browns do this to themselves?,-3,2024-03-09 11:06:43,1ban2kv,1
ku3odnr,Jerry Jeudy,Broncos,Browns,KingofKings1999,I had Jerry Jeudy ahead of Lamb and Jefferson in his draft class üò¨,0,2024-03-09 10:00:17,1ban2kv,1
ku4ki92,Jerry Jeudy,Broncos,Browns,GoldenBuffaloes,"Sorry, Browns fan. Jeudy is horrible.",0,2024-03-09 13:01:05,1ban2kv,1
ku5hwj8,Jerry Jeudy,Broncos,Browns,,I‚Äôve never understood why anyone would want any broncos WR,0,2024-03-09 16:33:50,1ban2kv,1
ku3okoq,Jerry Jeudy,Broncos,Browns,,Browns what are you doing Oops forgot talent evaluation on this subreddit is ass,-5,2024-03-09 10:01:22,1ban2kv,1
ku6pjev,Jerry Jeudy,Broncos,Browns,,Man that sucks. Hate seeing good players go to Cleveland to let their careers slowly die.,-1,2024-03-09 22:13:38,1ban2kv,1
ku5fjfg,Jerry Jeudy,Broncos,Browns,rabertdinero,That browns locker room going to be toxic af ain't it,-2,2024-03-09 16:17:33,1ban2kv,1
ku4py5c,Jerry Jeudy,Broncos,Browns,DancingConstellation,Thank god I‚Äôm not a Browns fan,-4,2024-03-09 13:33:31,1ban2kv,1
ku535uk,Jerry Jeudy,Broncos,Browns,An_Actual_Pine_Tree,"I live in CO. Was it skiing today and heard a broncos fan when the news dropped. He said, ""the Browns already had Amari, but now they have Jeudy, too? That receiving corps is gonna be stacked!"" Like, bruh... What games have _you_ been watching, haha",-3,2024-03-09 14:54:11,1ban2kv,1
ku3kck7,Jerry Jeudy,Broncos,Browns,anonbutler,"Yes, we either cut or trade him. No way we are taking on his salary. He is decent, makes some insane catches but play is inconsistent. Non Broncos fans just see the highlights and think he is really good.",196,2024-03-09 09:37:56,1ban2kv,0
ku6ooy8,Jerry Jeudy,Broncos,Browns,,"You're not wrong one bit, he takes tons of plays off. He runs great routes and gets open plenty, but his hands are terrible, his YAC is terrible, and he only does it 60% of the time. For the price I guess it's worth the gamble that he cleans his shit up, but I'm not sad that he's gone",1,2024-03-09 22:05:08,1ban2kv,0
ku3mk9a,Jerry Jeudy,Broncos,Browns,Balrogkicksass,You haven't watched a Browns game before have you? I mean maybe it hasn't been that way super recently but Njoku is amazing at dropping at least 2 catches almost every game. Braylon Edwards was amazing at making the most unbelievebly difficult contested catches ever....wide open you might as well not even throw him the ball. Also insert half the WRs we have drafted since 1999.,66,2024-03-09 09:50:13,1ban2kv,0
ku3oxut,Jerry Jeudy,Broncos,Browns,tooheavybroo,Dude has a catch 65% average in the last 3 seasons. For perspective that‚Äôs Puka Nakua numbers. And his YACs are at 6.0 that‚Äôs among the best in the league. CD lamb and Chase both down at 5. Anything over 4 is good. Yall sleeping on Jeudy just cause he had Bums at QB,-2,2024-03-09 10:03:24,1ban2kv,2
ku3mmzx,Jerry Jeudy,Broncos,Browns,SiphenPrax,Broncos are salary strapped at the moment. They‚Äôre probably gonna have to tank this season. Much like what the Jets will do next year if Rodgers doesn‚Äôt get them to the playoffs.,10,2024-03-09 09:50:37,1ban2kv,2
ku3tfe7,Jerry Jeudy,Broncos,Browns,beerguy_etcetera,"I would think a team that needs a receiver that has draft capital to begin with, it would be a low risk trade. Problem is, Browns have let go a lot of draft capital the past few years so this is way riskier than for another team. They‚Äôre clearly on a win-now mode.",0,2024-03-09 10:28:20,1ban2kv,0
ku3wwp4,Jerry Jeudy,Broncos,Browns,Shenanigans80h,"He has potential and the Browns didn‚Äôt give up much, but this can also end up being a complete non-impact as a trade. It wouldn‚Äôt surprise me if Jeudy ends up with around 800yds and 5 TDs as a number 2/3 receiver. It also wouldn‚Äôt surprise me if he ends up with like 350yds and 2 TDs",15,2024-03-09 10:47:37,1ban2kv,0
ku3tx9t,Jerry Jeudy,Broncos,Browns,OptimisticRealist__,Browns dont need him to be a WR1. If he can be a good WR2 this trade is a success. People just hating the trade cause its the browns who made it.,11,2024-03-09 10:31:08,1ban2kv,2
ku5a0yu,Jerry Jeudy,Broncos,Browns,DangerSparky,Like the browns are any less QB dumpster fire right now?,1,2024-03-09 15:39:41,1ban2kv,1
ku44725,Jerry Jeudy,Broncos,Browns,,Broncos always too late when it comes to selling high. Hence why I‚Äôm praying they can trade Surtain here very soon,1,2024-03-09 11:27:54,1ban2kv,0
ku3quaj,Jerry Jeudy,Broncos,Browns,,"There were reports about him being offered by the Broncos to other teams during last season. If this is true, then the market knew the Broncos didnt want him on the team",10,2024-03-09 10:14:04,1ban2kv,1
ku583ty,Jerry Jeudy,Broncos,Browns,RumsfeldIsntDead,They'll be two four year contracts with low salary they can use while they unload all their dead cap next couple of years. I expect Broncos to find a few diamonds in the rough since they'll be forced to have a younger roster.,1,2024-03-09 15:26:33,1ban2kv,1
ku3psjw,Jerry Jeudy,Broncos,Browns,46Stix,"Maybe my memory isn‚Äôt that great, but I never really associate Jerry Jeudy and ‚Äúinsane catches‚Äú together. That would be Cortland Sutton. But I do wish we could‚Äôve seen Jerry Juedy with a great quarterback, like Manning, who threw the ball on time and on target. oh well, moving on!",38,2024-03-09 10:08:10,1ban2kv,0
ku3o445,Jerry Jeudy,Broncos,Browns,SloppyWithThePots,As a non broncos fan I‚Äôd like to point out that I just see this guy running duck footed and think he sucks,17,2024-03-09 09:58:49,1ban2kv,1
ku3on3z,Jerry Jeudy,Broncos,Browns,CJ_M88,It's like he expected to just be great in the NFL because he was good in college. As if it was a guarentee. He lacked effort almost weekly,21,2024-03-09 10:01:44,1ban2kv,1
ku3m79g,Jerry Jeudy,Broncos,Browns,,It's also because of how good he was in college and how highly drafted he was in a good WR class. He's been fine but hasn't lived up to the hype for sure.,57,2024-03-09 09:48:11,1ban2kv,1
ku3vyw7,Jerry Jeudy,Broncos,Browns,rfgrunt,"Can‚Äôt recall a single insane catch from him. His thing was getting open through elite route running, but he never won 50/50 balls or showed good hands",1,2024-03-09 10:42:23,1ban2kv,1
ku3m11e,Jerry Jeudy,Broncos,Browns,crastle,"I'm not sure how many other teams would've given you more. There's not too many teams who *need* a WR2 that only gets 750ish yards, 2 TDs, is known for giving up on routes, and is due for a new contract after this year. If you don't think you have a chance to compete this year, and you don't want to keep him after this contract, then get what you can for him. I like this move for you guys. People are comparing this to when the Browns got Amari Cooper for only a 6th, but Jeudy has never been as good as Cooper. You did good. I'm proud of you.",72,2024-03-09 09:47:13,1ban2kv,1
ku3tu32,Jerry Jeudy,Broncos,Browns,almondania,Tbf he was on the Broncos last season,3,2024-03-09 10:30:37,1ban2kv,3
ku3ot1b,Jerry Jeudy,Broncos,Browns,CaptainJackKevorkian,wow you just reminded me that I had a dream last night that Braylon Edwards was back on the Browns... and then this trade happens,46,2024-03-09 10:02:39,1ban2kv,3
ku3pzaf,Jerry Jeudy,Broncos,Browns,ForYeWhoArtLiterate,"Good thing he gets a massive upgrade at QB! 59.8 completion%, 14 TDs, 9 INTs, 184.8 yards per game Oh, well never mind",2,2024-03-09 10:09:12,1ban2kv,1
ku3junb,Jerry Jeudy,Broncos,Browns,,"He‚Äôs still a good route runner, just has drop and attitude issues. For a fifth and a sixth I think it‚Äôs a steal",67,2024-03-09 09:35:11,1ban2kv,2
ku4rxoy,Jerry Jeudy,Broncos,Browns,DancingConstellation,Lol route running is to Jerry Jeudy as hell of an arm is to Jeff George,0,2024-03-09 13:45:28,1ban2kv,2
ku4rbhr,Jerry Jeudy,Broncos,Browns,DancingConstellation,I‚Äôm glad I‚Äôm not a Browns fan. You‚Äôll see.,-2,2024-03-09 13:41:45,1ban2kv,1
ku5g31j,Jerry Jeudy,Broncos,Browns,,What's jacked up is I should've thought of that. Browns still rocked it out this season,1,2024-03-09 16:21:15,1ban2kv,3
ku3tof5,Jerry Jeudy,Broncos,Browns,,Simulators must hate the browns. Seems like all their picks are gone whenever I do a mock,1,2024-03-09 10:29:45,1ban2kv,1
ku5ivc2,Jerry Jeudy,Broncos,Browns,Ok_Donut_1043,"Absolutely. The Broncos don't know how to do a lot of things, like develop quarterbacks. Getting rid of the ball quickly in timing patterns is one of them too. They should have traded him to San Francisco for Chase Young. Anything less is pure stupidity.",0,2024-03-09 16:40:26,1ban2kv,2
ku3lb5r,Jerry Jeudy,Broncos,Browns,xxJAMZZxx,"They made a bad draft pick. Definitely not a fleece, Jeudy has not been good for them. They‚Äôd never get rid of him if they wanted more.",11,2024-03-09 09:43:13,1ban2kv,1
ku3mynw,Jerry Jeudy,Broncos,Browns,iUPvotemywifedaily,I mean can you land a player with Jeudys upside in the 5th/6th? Those picks are dart throws. The Browns traded Donovan People‚Äôs Jones for a 6th rounder. Much rather have Jeudy.,13,2024-03-09 09:52:22,1ban2kv,2
ku495ld,Jerry Jeudy,Broncos,Browns,verniy314,"Purely on field, Ruggs was way better. Who knows, maybe if the Broncos took him, he‚Äôd still be playing football today.",166,2024-03-09 11:56:00,1ban2kv,3
ku3ng7m,Jerry Jeudy,Broncos,Browns,istrx13,Jerry Jeudy ü§ùAnthony Rendon Not giving af about their job,97,2024-03-09 09:55:03,1ban2kv,1
ku3q0lb,Jerry Jeudy,Broncos,Browns,John_Bot,Knowing the browns they'll give him a guaranteed contract to disincentivize him even more,3,2024-03-09 10:09:24,1ban2kv,1
ku3p3qg,Jerry Jeudy,Broncos,Browns,drnuzlocke,Which kind of works for the Browns because if he signs big somewhere after this season they get a better comp pick. I think the trade works out for both teams,6,2024-03-09 10:04:20,1ban2kv,2
ku3uyze,Jerry Jeudy,Broncos,Browns,Rdw72777,"It‚Äôs the Browns, they‚Äôll probably extend him before he takes a snap with them.",-1,2024-03-09 10:36:53,1ban2kv,1
ku4z37s,Jerry Jeudy,Broncos,Browns,IMMARUNNER,Anthony Schwartz will forever be a Cleveland Browns legend solely for how bad he was and for how resistant the front office was to getting rid of him,5,2024-03-09 14:28:46,1ban2kv,1
ku50j5q,Jerry Jeudy,Broncos,Browns,Balrogkicksass,Last year was his breakout year Browns fans were waiting for and alot of it just had to do with other options not being there (injuries) and them finally utilizing him but in years past he would go out and be the most dominant player for a drive and then never catch a ball again or we would only use him for screen passes and nothing else.,1,2024-03-09 14:37:39,1ban2kv,1
ku5fluf,Jerry Jeudy,Broncos,Browns,solarjetman,"While I'd agree they should have taken it, the value of Jeudy's *contract* declined between then and now; this year it's a fairly expensive one year rental. So I don't mind getting a 5th and a 6th at this point - especially given that the Broncos don't have many of their own picks in this draft.",1,2024-03-09 16:18:01,1ban2kv,0
ku913nn,Jerry Jeudy,Broncos,Browns,iUPvotemywifedaily,"Everyone in the thread: ""Wow I much rather have the 5th and 6th rounders than Jeudy"" &#x200B; Browns fans: ""We have drafted David Bell, Cedric Tillman, and Anthony Schwartz all in the 3rd round... Jeudy is an upgrade on all""",1,2024-03-10 11:07:18,1ban2kv,2
ku3pe0p,Jerry Jeudy,Broncos,Browns,raj6126,Ha ha and your Browns fan!!!!! Your spotting dumb?,-8,2024-03-09 10:05:55,1ban2kv,1
ku3p0pf,Jerry Jeudy,Broncos,Browns,SirLuciousL,"Film analysts that actually chart WR routes are always saying that Jeudy‚Äôs reputation as this great route runner with fans is a complete myth. He looks great on social media videos because he runs freestyle type, flashy, triple move routes that look cool in practice, but take way too long to develop in real games. He‚Äôs an atrociously bad zone route runner because he‚Äôs terrible with timing his routes and has a poor film study work ethic. He‚Äôs decent against man and press, but nothing special.",14,2024-03-09 10:03:52,1ban2kv,0
ku3k0v9,Jerry Jeudy,Broncos,Browns,msf97,It wasn‚Äôt gonna be Baker even if it wasn‚Äôt Watson. Browns were trying to upgrade either way.,16,2024-03-09 09:36:08,1ban2kv,2
ku3tfbp,Jerry Jeudy,Broncos,Browns,I_Hate_Traffic,People sleep on the browns because of the name alone. On paper that team might be the best in the league. I'd argue it was last year.,2,2024-03-09 10:28:20,1ban2kv,2
ku5ilnj,Jerry Jeudy,Broncos,Browns,HereIGoAgain_1x10,I'd say yes but there are so many damn haters out there that it all balances out lol some call everyone trash that isn't top 5 in the record books for their position.,14,2024-03-09 16:38:37,1ban2kv,1
ku5p40b,Jerry Jeudy,Broncos,Browns,FreshDiamond,No one thinks Payton was wrong in what he said you just don‚Äôt say it. You let us say it and let the media say it. Just like you don‚Äôt go to work and throw everybody under the bus for being trash: some people do and those people are hated,3,2024-03-09 17:24:09,1ban2kv,3
ku4e5qv,Jerry Jeudy,Broncos,Browns,uwanmirrondarrah,"Not a bad receiver, and has always has had the potential to be a great receiver, but as he stands hes just another guy.",3,2024-03-09 12:24:42,1ban2kv,0
ku4am6y,Jerry Jeudy,Broncos,Browns,,"Unfortunately for Jeudy, he's just signed with a team that won't take him to the next level at all. Browns offense is trash",2,2024-03-09 12:04:28,1ban2kv,1
ku3pgb2,Jerry Jeudy,Broncos,Browns,FishOhioMasterAngler,I'm an excited Browns fan but this is hilarious,79,2024-03-09 10:06:16,1ban2kv,2
ku3o4g4,Jerry Jeudy,Broncos,Browns,,"For where he was drafted, yeah, but he‚Äôs had terrible QBs his whole career and still produced fine overall. Disappointing for a first round pick but fine for a WR2",15,2024-03-09 09:58:52,1ban2kv,0
ku3p0zn,Jerry Jeudy,Broncos,Browns,Daddy_Diezel,Amari Cooper + 6th for 5th/6th. Browns did that too.,17,2024-03-09 10:03:54,1ban2kv,0
ku3o808,Jerry Jeudy,Broncos,Browns,newme02,you‚Äôre right on that. i was responding more to the question of why he didnt go for more. 5 and 6 is fine value,2,2024-03-09 09:59:24,1ban2kv,0
ku3slgj,Jerry Jeudy,Broncos,Browns,Eric_The_Human_,As a broncos and angels fan this hit home,-2,2024-03-09 10:23:46,1ban2kv,2
ku3s8g1,Jerry Jeudy,Broncos,Browns,keepcominback2030,It‚Äôs aimed at those who try to shame Browns fans for supporting the team.,3,2024-03-09 10:21:47,1ban2kv,3
kua2zk6,Jerry Jeudy,Broncos,Browns,m0rphl1ng,"Except it wasn't a legal matter. It was a civil matter, Watson was found to have likely committed those acts, and he has never shown an ounce of remorse. If Watson admitted his faults, promised to do better, and then did something like start a foundation to raise awareness and teach young men how to not fall down the same path he did, I could have accepted Watson over time. But again, he did none of those things. Now it sucks that the best Browns organization and roster of my lifetime is dependent on a piece of shit to help us win anything.",1,2024-03-10 14:49:13,1ban2kv,3
ku3lkxw,Jerry Jeudy,Broncos,Browns,,This is pretty incredible cope from Browns fans. I think it‚Äôs fair to suggest the Browns would‚Äôve had more success the past two seasons had they treated Baker fairly. They let Watson sit whenever he had the goddamn hiccups meanwhile Baker played damn near a whole season with a torn labrum. If they had just rehabbed him when they should‚Äôve he may be even better than he is now.,-16,2024-03-09 09:44:44,1ban2kv,3
ku3s17y,Jerry Jeudy,Broncos,Browns,,"Would be better for the team‚Äôs performance than a player actively sabotaging us every time he touched the field. Broncos are a trash franchise, that‚Äôs fine, but your ‚Äúaverage Denver sports fan logic‚Äù is dumb as fuck. Avs and Nuggets are incredibly small market teams that have unconditional support from us. Even when they aren‚Äôt winning. From the Cowboys to the Mavs to even Optic Texas, all your teams are biggest letdowns and you are the loudest fan base still. Tf even is the stigma against Denver fans?",0,2024-03-09 10:20:42,1ban2kv,3
ku4as5l,Jerry Jeudy,Broncos,Browns,_Yolo__Swaggins_,"Denver Broncos legend Jerry Rice, thank you very much.",21,2024-03-09 12:05:23,1ban2kv,3
ku4mvdl,Jerry Jeudy,Broncos,Browns,Valuable_Ad1645,Broncos legend Jerry rice thank you,2,2024-03-09 13:15:08,1ban2kv,3
ku4u65v,Jerry Jeudy,Broncos,Browns,adulting247,You mean Broncos legend Jerry Rice?,1,2024-03-09 13:58:59,1ban2kv,3
ku5xclw,Jerry Jeudy,Broncos,Browns,goddamnitwhalen,Browns offense made it to the playoffs with the corpse of Joe Flacco at the helm lmao.,2,2024-03-09 18:23:08,1ban2kv,2
ku3waof,Jerry Jeudy,Broncos,Browns,Dry_Brush5280,"Plenty of receivers have made it work with bad QBs. Mike Evans is a perfect example, but there are plenty of others.",3,2024-03-09 10:44:11,1ban2kv,1
ku3phss,Jerry Jeudy,Broncos,Browns,drnuzlocke,The Browns don‚Äôt pick until halfway through the second so you can‚Äôt necessarily rely on getting a top target. Plus no WRs in the 5th/6th will be a reliable source I mean just look at the Browns last two WR picks not showing better than stone hands Jeudy. I don‚Äôt think this is some amazing trade but I think for the value and the potential comp pick if he plays well it makes sense. Plus now the Browns can go BPA in the 2nd if needed,1,2024-03-09 10:06:29,1ban2kv,2
ku5iwky,Jerry Jeudy,Broncos,Browns,AwkwardSpecialist814,If Russ wasn‚Äôt extremely overpaid he would‚Äôve gotten less crap. The problem is he getting paid at the burrow mahomes level while playing like Baker mayfield. He also isn‚Äôt Sean Payton‚Äôs type of qb. The shit show of the Denver Broncos has no rhyme or reason and it‚Äôs getting pretty miserable. Another 10 years at this pace we‚Äôll be raiders fans that the only thing they can brag about is a win streak against a rival at their absolute worst and about our 3 super bowls that our kids never witnessed and only see on old tape,4,2024-03-09 16:40:41,1ban2kv,3
