id,trade_note,url
1ban2kv,Jerry Jeudy from Broncos to Browns,https://www.reddit.com/r/nfl/comments/1ban2kv/schefter_trade_broncos_and_browns_agreed_to_a/
1bh03gs,Jerry Jeudy from Broncos to Browns,https://www.reddit.com/r/nfl/comments/1bh03gs/using_a_synthesized_johnson_hill_draft_trade/
11pmb1c,Jalen Ramsey from Rams to Dolphins,https://www.reddit.com/r/nfl/comments/11pmb1c/rapoport_thanks_to_an_adjusted_contract_jalen/
tmrm3s,Tyreek Hill from Chiefs to Dolphins,https://www.reddit.com/r/nfl/comments/tmrm3s/rapoport_one_of_the_firstround_picks_in_the/
tldhr3,Tyreek Hill from Chiefs to Dolphins,https://www.reddit.com/r/nfl/comments/tldhr3/was_the_dolphins_texans_trade_of_laremy_tunsil/
tld1kp,Tyreek Hill from Chiefs to Dolphins,https://www.reddit.com/r/nfl/comments/tld1kp/tyreek_hill_trade_grades_dolphins_give_up_kings/
tl2rw1,Tyreek Hill from Chiefs to Dolphins,https://www.reddit.com/r/nfl/comments/tl2rw1/schefter_jets_trade_offer_to_the_chiefs_for/
tkztsx,Tyreek Hill from Chiefs to Dolphins,https://www.reddit.com/r/nfl/comments/tkztsx/schefter_chiefs_are_trading_sixtime_probowl_wr/
tkzem4,Tyreek Hill from Chiefs to Dolphins,https://www.reddit.com/r/nfl/comments/tkzem4/ian_rapoportfrom_gmfb_while_the_dolphins_and_jets/
tkxtsr,Tyreek Hill from Chiefs to Dolphins,https://www.reddit.com/r/nfl/comments/tkxtsr/schefter_sources_jets_and_dolphins_both_now_have/
tkwf0j,Tyreek Hill from Chiefs to Dolphins,https://www.reddit.com/r/nfl/comments/tkwf0j/schefter_multiple_teams_were_approached_about_a/
tkwcab,Tyreek Hill from Chiefs to Dolphins,https://www.reddit.com/r/nfl/comments/tkwcab/robinson_on_tyreek_hill_chiefs_felt_an_extension/
tkw5cx,Tyreek Hill from Chiefs to Dolphins,https://www.reddit.com/r/nfl/comments/tkw5cx/schefter_jets_and_dolphins_are_in_serious_talks/
fm0ofd,DeAndre Hopkins from Texans to Cardinals,https://www.reddit.com/r/nfl/comments/fm0ofd/odegard_kliff_kingsbury_texted_kyler_murray_when/
fjon3s,DeAndre Hopkins from Texans to Cardinals,https://www.reddit.com/r/nfl/comments/fjon3s/update_trade_details_texans_trading_wr_deandre/
fuibiw,DeAndre Hopkins from Texans to Cardinals,https://www.reddit.com/r/nfl/comments/fuibiw/yates_texans_head_coach_bill_obrien_on_trading/
nio78u,Julio Jones from Falcons to Titans,https://www.reddit.com/r/nfl/comments/nio78u/derrick_henry_and_julio_jones_recently_seen/
nocsc7,Julio Jones from Falcons to Titans,https://www.reddit.com/r/nfl/comments/nocsc7/pft_the_current_thinking_in_league_circles_is/
nswdv2,Julio Jones from Falcons to Titans,https://www.reddit.com/r/nfl/comments/nswdv2/what_if_cap_space_was_tradeable/
nv6gbo,Julio Jones from Falcons to Titans,https://www.reddit.com/r/nfl/comments/nv6gbo/rapoport_to_facilitate_the_completion_of_the/
nubcq5,Julio Jones from Falcons to Titans,https://www.reddit.com/r/nfl/comments/nubcq5/titans_wr_aj_brown_ecstatic_about_julio_jones/
ntogc8,Julio Jones from Falcons to Titans,https://www.reddit.com/r/nfl/comments/ntogc8/dianna_the_falcons_are_expected_to_trade_julio/
ueb3m7,AJ Brown from Titans to Eagles,https://www.reddit.com/r/nfl/comments/ueb3m7/russini_breaking_news_the_titans_are_trading_wr/
tcof5v,Amari Cooper from Cowboys to Browns,https://www.reddit.com/r/nfl/comments/tcof5v/schefter_wr_market_looks_different_than_a_week/
tco8og,Amari Cooper from Cowboys to Browns,https://www.reddit.com/r/nfl/comments/tco8og/schefter_cowboys_are_finalizing_a_trade_to_send/
tmfmeb,Amari Cooper from Cowboys to Browns,https://www.reddit.com/r/nfl/comments/tmfmeb/misconceptions_about_trade_evaluation/
tl1beo,Amari Cooper from Cowboys to Browns,https://www.reddit.com/r/nfl/comments/tl1beo/yates_the_browns_decision_to_trade_for_amari/
1bdbr6d,Diontae Johnson from Steelers to Panthers,https://www.reddit.com/r/nfl/comments/1bdbr6d/schefter_trade_the_steelers_are_sending_wr/
1bh03gs,Diontae Johnson from Steelers to Panthers,https://www.reddit.com/r/nfl/comments/1bh03gs/using_a_synthesized_johnson_hill_draft_trade/
1fv4wz7,Davante Adams from Raiders to Jets,https://www.reddit.com/r/nfl/comments/1fv4wz7/rapoport_raiders_wr_davante_adams_wants_to_play/
1fuuhqw,Davante Adams from Raiders to Jets,https://www.reddit.com/r/nfl/comments/1fuuhqw/breer_teams_involved_davante_adams_market_have/
1fykimt,Davante Adams from Raiders to Jets,https://www.reddit.com/r/nfl/comments/1fykimt/current_vegas_odds_on_teams_potentially_trading/
1g6sqdm,Davante Adams from Raiders to Jets,https://www.reddit.com/r/nfl/comments/1g6sqdm/jets_interimhc_spoke_about_davante_adams_friday/
1g5rghr,Davante Adams from Raiders to Jets,https://www.reddit.com/r/nfl/comments/1g5rghr/garofolo_jets_wr_mike_williams_is_back_in_the/
1g49eqc,Davante Adams from Raiders to Jets,https://www.reddit.com/r/nfl/comments/1g49eqc/schefter_trade_condition_update_the_conditional/
1g48whq,Davante Adams from Raiders to Jets,https://www.reddit.com/r/nfl/comments/1g48whq/new_yorks_jets_in_reference_to_the_davante_adams/
1g48ini,Davante Adams from Raiders to Jets,https://www.reddit.com/r/nfl/comments/1g48ini/rapoport_the_raiders_are_completing_a_trade_of/
1g81wkd,Davante Adams from Raiders to Jets,https://www.reddit.com/r/nfl/comments/1g81wkd/schultz_sources_the_plan_is_for_jets_wr_mike/
1bh03gs,Mac Jones from Patriots to Jaguars,https://www.reddit.com/r/nfl/comments/1bh03gs/using_a_synthesized_johnson_hill_draft_trade/
1bczvzw,Joe Mixon from Bengals to Texans,https://www.reddit.com/r/nfl/comments/1bczvzw/rapoport_plot_twist_the_bengals_are_now_trading/
1bel8ht,Joe Mixon from Bengals to Texans,https://www.reddit.com/r/nfl/comments/1bel8ht/pelissero_trade_compensation_update_texans_traded/
